index;Country;"Density
(P/Km2)";Abbreviation;Agricultural Land( %);Land Area(Km2);Armed Forces size;Birth Rate;Calling Code;Capital/Major City;Co2-Emissions;CPI;CPI Change (%);Currency-Code;Fertility Rate;Forested Area (%);Gasoline Price;GDP;Gross primary education enrollment (%);Gross tertiary education enrollment (%);Infant mortality;Largest city;Life expectancy;Maternal mortality ratio;Minimum wage;Official language;Out of pocket health expenditure;Physicians per thousand;Population;Population: Labor force participation (%);Tax revenue (%);Total tax rate;Unemployment rate;Urban_population;Latitude;Longitude
13;Bangladesh;1,265;BD;70.60%;148,460;221,000;18.18;880.0;Dhaka;84,246;179.68;5.60%;BDT;2.04;11.00%;$1.12 ;$302,571,254,131 ;116.50%;20.60%;25.1;Dhaka;72.3;173.0;$0.51 ;Bengali;71.80%;0.58;167310838;59.00%;8.80%;33.40%;4.19%;60,987,417;23.684994;90.356331
23;Brazil;25;BR;33.90%;8,515,770;730,000;13.92;55.0;Bras���;462,299;167.4;3.70%;BRL;1.73;58.90%;$1.02 ;$1,839,758,040,766 ;115.40%;51.30%;12.8;S����;75.7;60.0;$1.53 ;Portuguese;28.30%;2.15;212559417;63.90%;14.20%;65.10%;12.08%;183,241,641;-14.235004;-51.92528
36;China;153;CN;56.20%;9,596,960;2,695,000;10.9;86.0;Beijing;9,893,038;125.08;2.90%;CNY;1.69;22.40%;$0.96 ;$19,910,000,000,000 ;100.20%;50.60%;7.4;Shanghai;77.0;29.0;$0.87 ;Standard Chinese;32.40%;1.98;1397715000;68.00%;9.40%;59.20%;4.32%;842,933,962;35.86166;104.195397
37;Colombia;46;CO;40.30%;1,138,910;481,000;14.88;57.0;Bogot�;97,814;140.95;3.50%;COP;1.81;52.70%;$0.68 ;$323,802,808,108 ;114.50%;55.30%;12.2;Bogot�;77.1;83.0;$1.23 ;Spanish;18.30%;2.18;50339443;68.80%;14.40%;71.20%;9.71%;40,827,302;4.570868;-74.297333
45;Democratic Republic of the Congo;40;CD;11.60%;2,344,858;134,000;41.18;243.0;Kinshasa;2,021;133.85;2.90%;CDF;5.92;67.20%;$1.49 ;$47,319,624,204 ;108.00%;6.60%;68.2;Kinshasa;60.4;473.0;$0.18 ;French;37.40%;0.07;86790567;63.50%;10.70%;50.70%;4.24%;39,095,679;-4.038333;21.758664
51;Egypt;103;EG;3.80%;1,001,450;836,000;26.38;20.0;Cairo;238,560;288.57;9.20%;EGP;3.33;0.10%;$0.40 ;$303,175,127,598 ;106.30%;35.20%;18.1;Cairo;71.8;37.0;;Modern Standard Arabic;62.00%;0.45;100388073;46.40%;12.50%;44.40%;10.76%;42,895,824;26.820553;30.802498
57;Ethiopia;115;ET;36.30%;1,104,300;138,000;32.34;251.0;Addis Ababa;14,870;143.86;15.80%;ETB;4.25;12.50%;$0.75 ;$96,107,662,398 ;101.00%;8.10%;39.1;Addis Ababa;66.2;401.0;;Amharic;37.80%;0.08;112078730;79.60%;7.50%;37.70%;2.08%;23,788,710;9.145;40.489673
60;France;119;FR;52.40%;643,801;307,000;11.3;33.0;Paris;303,276;110.05;1.10%;EUR;1.88;31.20%;$1.39 ;$2,715,518,274,227 ;102.50%;65.60%;3.4;Paris;82.5;8.0;$11.16 ;French;6.80%;3.27;67059887;55.10%;24.20%;60.70%;8.43%;54,123,364;46.227638;2.213749
64;Germany;240;DE;47.70%;357,022;180,000;9.5;49.0;Berlin;727,973;112.85;1.40%;EUR;1.56;32.70%;$1.39 ;$3,845,630,030,824 ;104.00%;70.20%;3.1;Berlin;80.9;7.0;$9.99 ;German;12.50%;4.25;83132799;60.80%;11.50%;48.80%;3.04%;64,324,835;51.165691;10.451526
77;India;464;IN;60.40%;3,287,263;3,031,000;17.86;91.0;New Delhi;2,407,672;180.44;7.70%;INR;2.22;23.80%;$0.97 ;$2,611,000,000,000 ;113.00%;28.10%;29.9;Kurebhar;69.4;145.0;$0.30 ;Hindi;65.10%;0.86;1366417754;49.30%;11.20%;49.70%;5.36%;471,031,528;20.593684;78.96288
78;Indonesia;151;ID;31.50%;1,904,569;676,000;18.07;62.0;Jakarta;563,325;151.18;3.00%;IDR;2.31;49.90%;$0.63 ;$1,119,190,780,753 ;106.40%;36.30%;21.1;Kalimantan;71.5;177.0;$0.48 ;Indonesian;48.30%;0.43;270203917;67.50%;10.20%;30.10%;4.69%;151,509,724;-0.789275;113.921327
79;Iran;52;IR;28.20%;1,648,195;563,000;18.78;98.0;Tehran;661,710;550.93;39.90%;IRR;2.14;6.60%;$0.40 ;$445,345,282,123 ;110.70%;68.10%;12.4;Tehran;76.5;16.0;$1.58 ;Persian;39.70%;1.58;82913906;44.70%;7.40%;44.70%;11.38%;62,509,623;32.427908;53.688046
83;Italy;206;IT;43.20%;301,340;347,000;7.3;39.0;Rome;320,411;110.62;0.60%;EUR;1.29;31.80%;$1.61 ;$2,001,244,392,042 ;101.90%;61.90%;2.6;Rome;82.9;2.0;;Italian;22.80%;3.98;60297396;49.60%;24.30%;59.10%;9.89%;42,651,966;41.87194;12.56738
85;Japan;347;JP;12.30%;377,944;261,000;7.4;81.0;Tokyo;1,135,886;105.48;0.50%;;1.42;68.50%;$1.06 ;$5,081,769,542,380 ;98.80%;63.20%;1.8;Tokyo;84.2;5.0;$6.77 ;None;13.10%;2.41;126226568;61.70%;11.90%;46.70%;2.29%;115,782,416;36.204824;138.252924
88;Kenya;94;KE;48.50%;580,367;29,000;28.75;254.0;Nairobi;17,910;180.51;4.70%;KES;3.49;7.80%;$0.95 ;$95,503,088,538 ;103.20%;11.50%;30.6;Nairobi;66.3;342.0;$0.25 ;Swahili;33.40%;0.16;52573973;74.70%;15.10%;37.20%;2.64%;14,461,523;-0.023559;37.906193
110;Mexico;66;MX;54.60%;1,964,375;336,000;17.6;52.0;Mexico City;486,406;141.54;3.60%;MXN;2.13;33.90%;$0.73 ;$1,258,286,717,125 ;105.80%;40.20%;11.0;Mexico City;75.0;33.0;$0.49 ;None;41.40%;2.38;126014024;60.70%;13.10%;55.10%;3.42%;102,626,859;23.634501;-102.552784
118;Myanmar;83;MM;19.50%;676,578;513,000;17.55;95.0;Naypyidaw;25,280;168.18;8.80%;MMK;2.15;43.60%;$0.54 ;$76,085,852,617 ;112.30%;18.80%;36.8;Yangon;66.9;250.0;$0.39 ;Burmese;73.90%;0.68;54045420;61.70%;5.40%;31.20%;1.58%;16,674,093;21.916221;95.955974
126;Nigeria;226;NG;77.70%;923,768;215,000;37.91;234.0;Abuja;120,369;267.51;11.40%;NGN;5.39;7.20%;$0.46 ;$448,120,428,859 ;84.70%;10.20%;75.7;Lagos;54.3;917.0;$0.54 ;English;72.20%;0.38;200963599;52.90%;1.50%;34.80%;8.10%;102,806,948;9.081999;8.675277
131;Pakistan;287;PK;47.80%;796,095;936,000;28.25;92.0;Islamabad;201,150;182.32;10.60%;PKR;3.51;1.90%;$0.79 ;$304,400,000,000 ;94.30%;9.00%;57.2;Karachi;67.1;140.0;$0.69 ;Urdu;66.50%;0.98;216565318;52.60%;9.20%;33.90%;4.45%;79,927,762;30.375321;69.345116
138;Philippines;368;PH;41.70%;300,000;153,000;20.55;63.0;Manila;122,287;129.61;2.50%;PHP;2.58;27.80%;$0.86 ;$376,795,508,680 ;107.50%;35.50%;22.5;Manila;71.1;121.0;$1.12 ;English;53.50%;0.6;108116615;59.60%;14.00%;43.10%;2.15%;50,975,903;12.879721;121.774017
143;Russia;9;RU;13.30%;17,098,240;1,454,000;11.5;7.0;Moscow;1,732,027;180.75;4.50%;RUB;1.57;49.80%;$0.59 ;$1,699,876,578,871 ;102.60%;81.90%;6.1;Moscow;72.7;17.0;$0.53 ;Russian;36.40%;4.01;144373535;61.80%;11.40%;46.20%;4.59%;107,683,889;61.52401;105.318756
161;South Africa;49;ZA;79.80%;1,219,090;80,000;20.51;27.0;Pretoria;476,644;158.93;4.10%;ZAR;2.41;7.60%;$0.92 ;$351,431,649,241 ;100.90%;22.40%;28.5;Johannesburg;63.9;119.0;;Afrikaans;7.70%;0.91;58558270;56.00%;27.50%;29.20%;28.18%;39,149,717;-30.559482;22.937506
162;South Korea;527;KR;17.40%;99,720;634,000;6.4;82.0;Seoul;620,302;115.16;0.40%;KRW;0.98;63.40%;$1.22 ;$2,029,000,000,000 ;98.10%;94.30%;2.7;Seoul;82.6;11.0;$6.49 ;Korean;36.80%;2.36;51709098;63.00%;15.60%;33.20%;4.15%;42,106,719;35.907757;127.766922
172;Tanzania;67;TZ;44.80%;947,300;28,000;36.7;255.0;Dodoma;11,973;187.43;3.50%;TZS;4.89;51.60%;$0.87 ;$63,177,068,175 ;94.20%;4.00%;37.6;Dar es Salaam;65.0;524.0;$0.09 ;Swahili;26.10%;0.01;58005463;83.40%;11.50%;43.80%;1.98%;20,011,885;-6.369028;34.888822
173;Thailand;137;TH;43.30%;513,120;455,000;10.34;66.0;Bangkok;283,763;113.27;0.70%;THB;1.53;32.20%;$0.71 ;$543,649,976,166 ;99.80%;49.30%;7.8;Bangkok;76.9;37.0;$1.06 ;Thai;11.80%;0.81;69625582;67.30%;14.90%;29.50%;0.75%;35,294,600;15.870032;100.992541
179;Turkey;110;TR;49.80%;783,562;512,000;16.03;90.0;Ankara;372,725;234.44;15.20%;TRY;2.07;15.40%;$1.42 ;$754,411,708,203 ;93.20%;23.90%;9.1;Istanbul;77.4;17.0;$3.45 ;Turkish;16.90%;1.85;83429615;52.80%;17.90%;42.30%;13.49%;63,097,818;38.963745;35.243322
185;United Kingdom;281;GB;71.70%;243,610;148,000;11.0;44.0;London;379,025;119.62;1.70%;GBP;1.68;13.10%;$1.46 ;$2,827,113,184,696 ;101.20%;60.00%;3.6;London;81.3;7.0;$10.13 ;English;14.80%;2.81;66834405;62.80%;25.50%;30.60%;3.85%;55,908,316;55.378051;-3.435973
186;United States;36;US;44.40%;9,833,517;1,359,000;11.6;1.0;Washington, D.C.;5,006,302;117.24;7.50%;USD;1.73;33.90%;$0.71 ;$21,427,700,000,000 ;101.80%;88.20%;5.6;New York City;78.5;19.0;$7.25 ;None;11.10%;2.61;328239523;62.00%;9.60%;36.60%;14.70%;270,663,028;37.09024;-95.712891
191;Vietnam;314;VN;39.30%;331,210;522,000;16.75;84.0;Hanoi;192,668;163.52;2.80%;VND;2.05;48.10%;$0.80 ;$261,921,244,843 ;110.60%;28.50%;16.5;Ho Chi Minh City;75.3;43.0;$0.73 ;Vietnamese;43.50%;0.82;96462106;77.40%;19.10%;37.60%;2.01%;35,332,140;14.058324;108.277199
